{
  "prod_v1_precision_weighted": 0.9673761273209549,
  "prod_v1_recall_weighted": 0.912,
  "prod_v1_f1_weighted": 0.9309736842105263,
  "prod_v1_f1_macro": 0.7258771929824561,
  "prod_v1_precision_binary": 0.3384615384615385,
  "prod_v1_recall_binary": 0.9565217391304348,
  "prod_v1_f1_binary": 0.5,
  "prod_v1_auroc_macro": 0.9769619907027618,
  "prod_v1_auprc_macro": 0.7927530594331968,
  "prod_v1_sensitivity_at_7pct_far": 0.9347826086956522,
  "prod_v1_threshold_at_7pct_far": 0.5946332429233481,
  "prod_v1_far_actual_at_threshold": 0.049266247379454925
}